,0,2,4,6,8,10,12,14,16,18,20,22,24,26,28,30,32,34,36,38,40,42,44,46,48,50,52,54,56,58,60,62,64,66,68,70,72,74,76,78,80,82,84,86,88,90,92,94,96,98,100,102,104,106,108,110,112,114,116,118,120,122,124,126,128,130,132,134,136,138,140,142,144,146,148,150,152,154,156,158,160,162,164,166,168,170,172,174,176,178,180,
0,0.055330855230363886,0.05650172429578539,0.05915597196366263,0.0587851273130487,0.05583503728344574,0.055922539953815326,0.06381861425621306,0.07083549506108788,0.07217303587959431,0.08047745597705008,0.0804274544511246,0.08864020508438368,0.09169029816583758,0.09246532181768242,0.09565291909543137,0.09616960152999461,0.09945303506576739,0.1021031159398175,0.10243645944598732,0.1089158238471633,0.1123284279915769,0.12191622058778649,0.12395378276924955,0.12422462436801253,0.12135370342112492,0.12199955646432896,0.12296625263222144,0.12372877590258492,0.12060784732606993,0.11619521266314686,0.11725774508906318,0.11626188136438083,0.11666606036561175,0.11803276874090803,0.11876195766065452,0.1234329335408592,0.13572914212469864,0.15647977538377025,0.18043050630207222,0.19686850795007171,0.20370621662038027,0.20461041088086593,0.20318536739198992,0.20124364146855067,0.19926858119449448,0.20082696208583842,0.2028936918240913,0.20212283496607358,0.20204783267718537,0.20447290668457085,0.20793967914873704,0.20843136082033756,0.21038975391908527,0.20911471500798567,0.2123189794610431,0.21771081067334005,0.21463988362275055,0.21676494847458316,0.22441101514735354,0.22572355520289722,0.2262860723695588,0.22766528112633647,0.22757777845596688,0.23121955626087223,0.23129872534358756,0.22976534521520636,0.23132789290037742,0.23341962340159308,0.23754891608427178,0.23518217719046602,0.23175707266457107,0.2301570238349559,0.23147373068432672,0.23452799055960777,0.2322154199855546,0.22229428388317515,0.21546907559434797,0.20956056194748782,0.2004769514043601,0.19591014536983348,0.18697653940448214,0.1744428235724967,0.1674426099429304,0.15394219794305247,0.1413126458530432,0.13148317921486047,0.11776609393597218,0.10607407045706554,0.09656128014974415,0.08655264137699516,0.07684817855362612,
10,0.055847537664927116,0.05328495946124658,0.058780960519221576,0.05756008992787459,0.057518421989603365,0.05971848913032421,0.06506031881669566,0.07456060874253569,0.08006494338816493,0.08487342346466466,0.08588178757082837,0.08798185165969828,0.09331118096458836,0.09433621224606058,0.09251949013743502,0.09430287789544359,0.09884051637318034,0.10142809533982361,0.10585739717805516,0.10690326242866298,0.11072837916196174,0.1204578427482935,0.12463297016307057,0.12568300220750553,0.1244371308531958,0.11909113437299723,0.12384127933591724,0.12302875453962829,0.11677023021128982,0.11705357219153416,0.11544102298043764,0.11711607409894101,0.11532018595945108,0.11547435733105461,0.11524935046438999,0.12104119388409071,0.13273738415682446,0.15431720938749352,0.17602203843297626,0.19341840266121405,0.19983109836115603,0.20074779300312307,0.2013394777265745,0.20091446475620797,0.2006477899512721,0.20224783878088728,0.20149781589200516,0.20098530025126907,0.20533126621295816,0.2043312356944487,0.2052104291919716,0.2097189001129185,0.20848136234626302,0.21277732678202663,0.21381902523880733,0.21256898709067049,0.21802748700420138,0.2195483667511012,0.22135675527207252,0.22019421979430526,0.22368182622760704,0.22543604642882575,0.22622357046215197,0.2265735811436303,0.22351098768069502,0.22492353078808966,0.22624857122511471,0.22775695059053316,0.22884448377941222,0.23076954252754295,0.22956533911150445,0.22773611662139753,0.2310820520645772,0.23355712759788813,0.22978201239051485,0.2250568681905576,0.21564408093508713,0.2059604520808537,0.20323120212408827,0.1963184911648915,0.19035997599210588,0.17777209184036785,0.16632174240343436,0.15260882391837316,0.13065815403709016,0.09827383241269164,0.0813024811548204,0.08658597572761213,0.08994441155227312,0.08424007080294199,0.07823988769188513,
20,0.05897263303526923,0.05373913998840297,0.05506418042542802,0.05734758344269133,0.05905596891181168,0.05904346853033031,0.06486031271299376,0.07401892554500972,0.08251085136468601,0.0880943550930306,0.09246948861150954,0.09450705079297261,0.09551541489913633,0.10071974038921272,0.10074057435834834,0.10302397737561164,0.10238645792006186,0.10645324869533372,0.10919083223975341,0.11190758181503749,0.11632438327178768,0.11842444736065758,0.1227954140853094,0.13165818455559963,0.1286205918556271,0.12325376140629292,0.12350793582974741,0.12241623584704123,0.11716190883103936,0.11650772220018107,0.11369096957304606,0.11266177149774673,0.11564519587796666,0.1148118371125421,0.11395347758415479,0.12144953967914875,0.13565830662963754,0.15874234443189794,0.18059717805515713,0.1895182836390271,0.1943600980661438,0.19537262896613464,0.19588097781304362,0.19665183467106134,0.19696434420809555,0.1970060121463668,0.19715184993031606,0.20100196742657755,0.2037687185277871,0.20296869411297952,0.2051395936969105,0.2084605283771274,0.21053142490920743,0.20923138523514512,0.21278149357585374,0.21296066571042005,0.2164232713807591,0.21941919614246042,0.21947336446221302,0.21890251370789718,0.22247762281156855,0.2224817896053957,0.22359432355723746,0.22227344991403955,0.22280263273008413,0.22446935026093326,0.22424017660044152,0.22561521856339203,0.22291513616341646,0.22567355367697176,0.2258110578732668,0.22178593503626617,0.22506520177821182,0.2246401888078453,0.22438184759056368,0.22041505986714274,0.2116564592425306,0.20461041088086593,0.19891857051301615,0.19261837824640646,0.18471397035635448,0.17437198807743562,0.1652008748639383,0.14804618467767366,0.11845778171127457,0.08924855698314361,0.0770106835128839,0.08856520279549547,0.09229865006459752,0.09282783288064211,0.08623179825230669,
30,0.05559753003529974,0.056539225440229504,0.05678923306985687,0.057955935341451256,0.05659756055380922,0.05798926969206824,0.06874793135369935,0.07857323119805495,0.08452341278318634,0.09536957711518704,0.09865301065095981,0.09954887132379121,0.10452818994720298,0.10149476404105758,0.10620740785953348,0.10836997385581022,0.10699076509903256,0.11007002573727633,0.11240343028046511,0.11672439547919146,0.1205286782433546,0.12174121524704734,0.12920810978525143,0.13180818913337605,0.12913727429019034,0.12489964496800643,0.12265790988901436,0.12241623584704124,0.11747441836807357,0.11599520655944498,0.11717440921252073,0.11818694011251157,0.1220620583717358,0.12102869350260934,0.12175371562852871,0.13434159978026675,0.15487555976032796,0.17118439079968667,0.1800804956205939,0.18577233598844367,0.18573066805017244,0.19073498743654693,0.19186418856369722,0.19500595110934782,0.19577264117353843,0.19715184993031606,0.19769769992166916,0.20222283801792454,0.20509375896481216,0.2045895769117303,0.205664609719128,0.20859803257342244,0.21153562222154404,0.2090647134820602,0.21367735424868517,0.2174274686930957,0.21545240841903948,0.22044422742393263,0.2212609190140487,0.22171509954120508,0.2239985025584684,0.22459018728191982,0.22406100446587524,0.2244568498794519,0.22618190252388073,0.22374432813501388,0.22760694601275674,0.2264527441226437,0.225648552914009,0.22513603727327292,0.2275986124251025,0.22694859258807135,0.22807779371522163,0.22559021780042932,0.22164009725231687,0.22052339650664796,0.21503156224250008,0.2101939146092105,0.20536460056357514,0.19585181025625376,0.18838074892422255,0.17908463189591153,0.1588215135146133,0.11641188594215726,0.08892771385845516,0.07669400718202256,0.08010661132643615,0.09001941384116134,0.0957279213843196,0.09248615578681804,0.0868901516769921,
40,0.057030907111829995,0.0552975208797469,0.057368417411826945,0.056026709799493396,0.055435025076041956,0.06098102765994243,0.0701438072857855,0.07981493575853756,0.08659430931526638,0.09333618172755109,0.09740297250282297,0.09888218431145156,0.10201561326944791,0.1042031800286874,0.10649491663360494,0.10855747957803075,0.1107783806878872,0.11476600238044374,0.11622021342610961,0.12153704234951831,0.1249121453494878,0.12607884762108218,0.1330373933123773,0.13195819371115247,0.12698304188156784,0.12422045757418541,0.11987865840632343,0.11786193019399599,0.11790359813226722,0.114265987121189,0.11349513026317128,0.11249093295083468,0.11716607562486649,0.12434129459517197,0.13845005849380984,0.15725896582944224,0.17224275643177586,0.1791179662465285,0.1814888719341614,0.1808680196539201,0.18420562150944547,0.18842241686249378,0.18916410616372165,0.18926827600939972,0.194197593106886,0.1961351522364981,0.1953101270587278,0.20083112887966553,0.2013769788710186,0.20181449222286652,0.2058646158228299,0.2074188299203467,0.20807301655120497,0.21230647907956177,0.21129394817957092,0.21271899166844693,0.21582741986348056,0.21860250455234434,0.22229428388317515,0.22544854681030713,0.22767778150781784,0.22910699179052096,0.22937366659545683,0.22673191930906095,0.22936116621397545,0.22804029257077751,0.22922782881150752,0.2304695333719901,0.2268277555670848,0.2303570299386578,0.23033202917569506,0.22797779066337068,0.22795278990040793,0.22804862615843177,0.22642357656585385,0.22164009725231687,0.21781498051901813,0.21216480808943958,0.2053020986561683,0.1994019185969624,0.19073498743654693,0.17965548265022738,0.17083021332438122,0.1449044221320231,0.10507820673238319,0.0848817570523189,0.08200250251777703,0.08151498764000366,0.08082329986470128,0.07593981749931333,0.07244804427218442,
50,0.05688506932788069,0.05537252316863511,0.057643425804417045,0.05674339833775852,0.05770592771182389,0.058935131890825124,0.07236887518946908,0.0851192643004649,0.09114861496831161,0.09225698212632628,0.09802382478306426,0.09979471215959146,0.10141976175216937,0.10518237657806127,0.10570739260027874,0.10955334330271309,0.11571603137302774,0.11918697063102106,0.12091202327544989,0.12410378734702598,0.12734971973835466,0.1268830388297169,0.13043314717042553,0.127633061718599,0.12543299457787815,0.12486631061738945,0.12042867519150365,0.11848694926806443,0.11699940387178158,0.11792859889522996,0.11794526607053844,0.1230120873643198,0.14047512029379153,0.15710062766401156,0.17033853165278076,0.17718874070457066,0.17695540025025178,0.1800429944761498,0.18629318521683402,0.18573483484399955,0.18415561998352,0.18791823480941192,0.1904183111056856,0.1928475519068982,0.1947101087476221,0.19378508051800084,0.1958768110192165,0.20010610675374615,0.20144364757225258,0.2005936216315195,0.20214783572903633,0.20626462803023368,0.21009391155735954,0.21001890926847133,0.2110897752820419,0.21505656300546283,0.21615659657582323,0.22050256253751235,0.22251512395601267,0.22449851781772312,0.2259568956572161,0.22692775861893572,0.22718193304239023,0.2291694936979278,0.23190291044852038,0.2319987467065442,0.23059870398063093,0.22896115400657166,0.22799445783867917,0.22640274259671825,0.2274527746411532,0.22473602506586912,0.22469019033377077,0.22596939603869748,0.22314847661773532,0.21757747327087212,0.21382319203263447,0.20532293262530393,0.19997693614510534,0.19203502711060927,0.18167637765638195,0.17376780297250283,0.16536754661702324,0.13700834782962534,0.10188227586698,0.08466925056713565,0.08636930244860175,0.09496956490778323,0.09621126946826584,0.09677378663492742,0.08776934517451501,
60,0.05402248196864732,0.05793926816614277,0.05499751172419406,0.055714200262459185,0.056122546057517216,0.05930180974761193,0.07265638396354056,0.0802066143782871,0.08319837234616129,0.08775684479303364,0.09354452141890723,0.09612793359172338,0.09612793359172338,0.09751130914232815,0.101373927020071,0.10491570177312541,0.11059920855332092,0.11270343943601795,0.11642855311746575,0.12284124881740775,0.12391628162480545,0.12432046062603637,0.12994563229265216,0.12807890865810115,0.12676636860255747,0.1246038026062807,0.12162037822606077,0.12181205074210842,0.1323623727123834,0.14232517675303405,0.15220464491714225,0.1625507939898882,0.1700176885280923,0.17384697205521815,0.1759720369070508,0.17518451287372458,0.17953047883541368,0.18068051393169957,0.18197222001810764,0.18390977914771975,0.184663968830429,0.18854325388348034,0.18677236650695314,0.18905160273038932,0.19323923052664777,0.19581430911180966,0.19776436862290311,0.19740602435377058,0.1989227373068433,0.20202283191422266,0.20445207271543525,0.20327703685618662,0.20578961353394168,0.21028141727958008,0.21241898251289407,0.21294399853511156,0.2148732240770694,0.2169899553412478,0.21985254270048118,0.22164009725231687,0.22061923276467177,0.2237443281350139,0.22596522924487036,0.22559438459425643,0.22605273191523995,0.2245110181992045,0.22533187658314768,0.2257402223782057,0.22532770978932057,0.2213692556535539,0.21861917172765283,0.2192525243893755,0.2178274809004995,0.21378152409436324,0.2112522802412997,0.2058479486475214,0.20216450290434482,0.19753936175623849,0.1897224565365561,0.1789512944934436,0.17358446404410943,0.1684843083997111,0.15769647918129012,0.1506462640257983,0.14455441145054476,0.13498328602964366,0.12610801517787204,0.11378263903724276,0.10461569261757256,0.09533624276457005,0.08940689514857428,
70,0.056130879645171466,0.05523918576616718,0.05917263913897112,0.05616421399578845,0.05688506932788069,0.060526847132786034,0.06592284513891009,0.07410226142155217,0.08205250404370251,0.08250251777703177,0.08762767418439284,0.09202780846583454,0.09177363404238004,0.09242365387941119,0.09719463281146683,0.098761347290465,0.10307814569536423,0.10761161737927387,0.11096588641010773,0.11244926501256346,0.11759942218288726,0.12216206142358674,0.12290791751864172,0.12698720867539495,0.13412492650125635,0.14336270841598764,0.15879234595782343,0.16409667449975077,0.1643008473972798,0.16626757408368176,0.16913849503056938,0.1680842961923073,0.17132189499598174,0.17215108696757916,0.17183441063671784,0.1784762799971516,0.17831794183172095,0.17830544145023958,0.1795679799798578,0.18425145624154382,0.18565983255511134,0.18719737947731965,0.1888265958637247,0.1899432966093936,0.19374757937355674,0.19591014536983348,0.19736435641549932,0.19734768924019083,0.19904774112165693,0.20041444949695325,0.20257701549322998,0.2044229051586454,0.2045687429425947,0.20578961353394168,0.21104394054994355,0.21109810886969615,0.21219814244005655,0.21517323323262225,0.21639410382396923,0.2166607786289051,0.21806082135481836,0.21672328053631196,0.21890251370789718,0.21907751904863634,0.21901918393505662,0.21788998280790633,0.2192150232449314,0.21725663014618365,0.21932335988443658,0.21821915952024903,0.21418986988942126,0.2099939085055086,0.20711465397096673,0.20584378185369429,0.19949775485498622,0.19447676829330324,0.19093916033407596,0.1839889482304351,0.17963464868109175,0.17282194077374596,0.16257579475285094,0.15642144027019053,0.14744199957274087,0.14189183019501328,0.13402075665557828,0.1260246793013296,0.11717857600634785,0.10844914293852555,0.0989613533941669,0.08982774132511369,0.08325254066591388,
80,0.0554433586636962,0.05717674489577929,0.05652672505874813,0.05678089948220263,0.05658089337850073,0.05755175634022034,0.06418112531917275,0.07134384390799688,0.07541480147709585,0.07939408958199815,0.08289836319060843,0.08487759025849177,0.09077777031769768,0.0930820073040966,0.09254032410657063,0.09801132440158289,0.10345732393363241,0.10817830133976257,0.1192328053631194,0.13226236966053245,0.1434127099419131,0.15016291594185208,0.1530546708578753,0.15561308226772871,0.15678395133315023,0.1571464623961099,0.16185077262693157,0.15984237800225837,0.1627716340627257,0.1645591886145614,0.16679675689972634,0.166480080568865,0.17262610146387117,0.17445949074780523,0.1730927823725089,0.17590536820581681,0.18019299905392622,0.18220139367859942,0.18385561082796717,0.1853056550798059,0.1857598356069623,0.18943911455631174,0.19434759768466242,0.19036830957976014,0.1905266477451908,0.19632682475254576,0.19523512476983956,0.19569763888465022,0.19794354075746942,0.19784353770561847,0.20306036357717622,0.2057729463586332,0.20458541011790318,0.20691464786726482,0.20819385357219153,0.21308983631906084,0.2128814966277047,0.20991890621662038,0.2123898149561042,0.21273149204992828,0.2179024831893877,0.21717746106346833,0.21363985310424105,0.21480655537583546,0.21504406262398146,0.21400653096102787,0.2130106672363455,0.21239398174993135,0.2122398103783278,0.21186063214005962,0.20921888485366374,0.20416039714753664,0.20028527888831243,0.1964101606290882,0.19316839503158664,0.18443896196376436,0.17928463799961344,0.17485116936755477,0.16770928474786626,0.16124242072817163,0.1515921262245552,0.14575444807275612,0.13897924130985442,0.13260404675435652,0.12417045604825994,0.11613687754956716,0.11292011271502833,0.09909885759046196,0.09136112145349488,0.08300669983011363,0.07548980376598408,
90,0.05918513952045249,0.05643505559455143,0.056401721243934444,0.057510088401949114,0.05685590177109084,0.058985133416750594,0.06516032186854662,0.06812291227963092,0.07347307555365663,0.07919825027212338,0.08261085441653697,0.08907355164240445,0.09688212327443262,0.10119058809167761,0.10878248644469538,0.11693273517054761,0.11993282672607604,0.12318292591123182,0.1339165868099002,0.13846672566911833,0.14878370718507442,0.1517379640085045,0.15329634489984842,0.15560474868007446,0.1615840978219957,0.16137575813063956,0.1612174199652089,0.1645383546454258,0.16460502334665975,0.16809262977996156,0.17085521408734397,0.16999268776512955,0.17231775872066407,0.17905963113294882,0.1793846410514644,0.17873878800826035,0.1815972085736666,0.18394311349833675,0.18365143793043814,0.1877890642007711,0.18794740236620178,0.18949328287606435,0.19146417635629343,0.1929600553402305,0.19288088625751518,0.19574347361674857,0.19536429537848038,0.19588097781304362,0.20063528956979074,0.1996227586697999,0.20106030254015728,0.20408122806482132,0.20215200252286347,0.2029436933500168,0.20674797611417992,0.20770633869441818,0.207802174952442,0.20987723827834917,0.2100480768252612,0.211364783674632,0.2152940702536088,0.2128064943388165,0.21232731304869737,0.21257732067832474,0.2120064699240089,0.21128978138574378,0.20903971271909746,0.20742716350800094,0.20603962116356905,0.20718965625985494,0.2024478448845892,0.1971560167241432,0.1953684621723075,0.19166418245999534,0.18680986765139723,0.18158887498601237,0.17496367280088707,0.16757594734539832,0.1624799584948271,0.15452138228502252,0.1478128442233548,0.1404334523555203,0.13324573300373344,0.12509131748405408,0.1199619942828659,0.11101172114220609,0.10045306558427686,0.09491539658803064,0.08606512649922178,0.08080663268939278,0.07467727896969512,
100,0.056560059409365114,0.055097514776045006,0.05954348378958505,0.05812677388836329,0.05738508458713543,0.06041851049328084,0.06571867224138107,0.07294389273761202,0.07873990295113986,0.08199000213629566,0.08825269325846126,0.09804049195837275,0.10384066896572772,0.10988668680888293,0.11834111148411512,0.12018700114953053,0.12793723766797896,0.1331832310963266,0.1351166234321116,0.14427940305795464,0.1502212510554318,0.15554641356649473,0.15703395896277758,0.1610132470676799,0.16077573981953389,0.16230911994791508,0.16844264046143986,0.16724677063305562,0.16575922523677278,0.1719344136885688,0.1746969979959512,0.1742344838811406,0.17733041169469282,0.17777209184036785,0.17889295937986388,0.18464313486129338,0.1820888902452671,0.1826930753501999,0.18890576494644,0.18973912371186458,0.19077665537481817,0.19418925951923174,0.1955476343068738,0.1966476678772342,0.19725601977599413,0.19791437320067956,0.195351794996999,0.19606848353526413,0.20041861629078037,0.19829771823277484,0.19886856898709068,0.20312286548458308,0.201118637653737,0.20174365672780542,0.20673130893887143,0.20402705974506874,0.20591045055492824,0.21000640888698996,0.2074063295388653,0.20826468906725262,0.21178562985117141,0.20895221004872788,0.2062479608549252,0.20916888332773828,0.20838969288206632,0.206106289864803,0.20873970356354463,0.20670214138208157,0.2044812402722251,0.20342704143396304,0.20344370860927152,0.19553513392539243,0.19258087710196234,0.1902558061464278,0.18372644021932635,0.1817222123884803,0.17590536820581684,0.16870931526637573,0.16337581916765853,0.15897985168004394,0.15103377585172073,0.14126264432711774,0.1374750287382631,0.12976646015808588,0.12474964039023001,0.11542018901130202,0.10243229265216021,0.09765298013245033,0.09135278786584064,0.08251501815851314,0.0766648396252327,
110,0.055630864385916724,0.05541835790073346,0.05688923612170782,0.05933931089205603,0.056722564368622906,0.05927680898464919,0.06835625273394981,0.07434810225735242,0.0842442375967691,0.08890687988931954,0.09572792138431958,0.10459485864843694,0.11454099551377911,0.11992865993224891,0.12376627704702903,0.13138734295683666,0.13465410931730096,0.14336687520981475,0.14995040945666882,0.1502254178492589,0.15826316314177882,0.1658925626392407,0.16427584663431705,0.16479252906888028,0.16877598396760968,0.16965517746513262,0.17214275337992493,0.1741261472416354,0.17092604958240507,0.174859502955209,0.17924713685516933,0.1788221238848028,0.17875128838974172,0.18121803033539843,0.18482230699585966,0.18561816461684014,0.1854723268328908,0.1873682180242317,0.187514055808181,0.19246004008097578,0.1929725557217119,0.19110166529333375,0.19413509119947917,0.19640599383526108,0.1953684621723075,0.19821854915005951,0.1970310129093295,0.1960226488031658,0.1989644052451145,0.19898940600807724,0.19842272204758854,0.19926441440066733,0.202306173894467,0.20126030864385916,0.20218533687348045,0.203289537237668,0.203256202887051,0.20478541622160507,0.20446873989074374,0.2056812768944365,0.20491458683024588,0.20676881008331552,0.20718965625985494,0.204239566230252,0.2063979654327016,0.20764383678701134,0.20550627155369733,0.20308953113396608,0.2017769910784224,0.2033103712068036,0.20293119296853543,0.20140197963398135,0.1969393434451328,0.19535596179082615,0.1955851354513179,0.1923017019155451,0.18360143640451268,0.17705957009592985,0.17032186447747225,0.16585089470096948,0.16010488601336711,0.1456752789900408,0.14242517980488498,0.13803754590492467,0.12883309834081036,0.12047867671742912,0.11192008219651886,0.10077390870896533,0.09403203629668061,0.0866901455732902,0.07698151595609404,
120,0.05692673726615192,0.05740175176244392,0.05881846166366568,0.057772596413057854,0.05995599637847021,0.06438529821670176,0.07176885687836339,0.08343171280048016,0.08997357910906298,0.09263616036459446,0.10256563005462814,0.11126172877183345,0.11869112216559344,0.12374544307789341,0.13453743909014151,0.1364708314259265,0.14465441450239572,0.1516671285134434,0.1550088971627959,0.16324664855901772,0.17166773888363293,0.1696718446404411,0.17198858200832137,0.1762637124749494,0.17652622048605815,0.17908463189591156,0.17916380097862689,0.17848878037863297,0.18205972268847723,0.1851973184403007,0.1817430463576159,0.18170554521317178,0.18862242296619566,0.18896826685384685,0.18865159052298552,0.18868492487360253,0.189922462640258,0.19288505305134232,0.19512678813033438,0.19464344004638814,0.1905099805698823,0.1928683858760338,0.19825188350067652,0.19729352092043825,0.1959726472772403,0.19386008280688904,0.19671016978464106,0.19953942279325745,0.19915607776116215,0.19511845454268015,0.19822271594388666,0.2004811181981872,0.2006269559821365,0.19991860103152562,0.19712684916735332,0.20003527125868506,0.20386455478581092,0.20249367961668752,0.20074362620929595,0.20375621814630573,0.20485625171666616,0.20523542995493432,0.20360621356852932,0.2033812067018647,0.2044229051586454,0.20589795017344686,0.20509375896481216,0.20332287158828496,0.20201033153274128,0.20255618152409435,0.19951858882412182,0.20072695903398743,0.20108947009694714,0.19716435031179744,0.19695184382661418,0.1929933896908475,0.18364727113661103,0.1815263730786055,0.17499700715150407,0.16627590767133602,0.16288830428988516,0.15422970671712394,0.14571694692831202,0.14162932218390453,0.13496661885433517,0.1236162724692526,0.1178452630186875,0.10678242540767642,0.09721129998677532,0.09297783745841853,0.08522760093997009,
130,0.05649339070813115,0.05990182805871761,0.059401812799462876,0.057339249855037085,0.058239277321695614,0.06508531957965841,0.07119800612404757,0.07450227362895596,0.08409006622516557,0.09402370270902635,0.10607823725089267,0.11721607715079195,0.1227370789717297,0.1331082288074384,0.14307519964191615,0.14560027670115258,0.15324634337392296,0.16225078483433536,0.1682676351207007,0.1736552995391705,0.1772137414675334,0.18128469903663239,0.18483480737734104,0.18442646158228299,0.18507648141931415,0.18815157526373077,0.18725154779707226,0.1848639749341309,0.18865992411063978,0.18676403291929888,0.18950161646371858,0.19250587481307413,0.1919516912340668,0.1926600461846777,0.19435176447848954,0.1937934141056551,0.19408092287972656,0.19695184382661418,0.19607681712291838,0.19767269915870642,0.19716018351797032,0.19909774264758243,0.19821021556240526,0.19753102816858426,0.19511428774885303,0.19743519191056044,0.1971226823735262,0.19671016978464106,0.19714351634266183,0.19771436709697765,0.19899357280190436,0.1960393159784743,0.19497261675873084,0.19795187434512365,0.19741852473525193,0.19898940600807724,0.2011728059734896,0.19849772433647675,0.2015769849747205,0.20456457614876758,0.20417706432284516,0.2031853673919899,0.20303952960804061,0.20304369640186776,0.20557294025493128,0.2043312356944487,0.19988526668090864,0.20090613116855374,0.20351454410433262,0.20076029338460444,0.19856855983153782,0.19971859492782373,0.1997685964537492,0.20113113803521837,0.20072695903398746,0.19560180262662638,0.19327673167109186,0.19033080843531602,0.18451813104647968,0.17613037507248147,0.16887598701946063,0.16008821883805863,0.1534005147455265,0.14829202551347392,0.13858339589627777,0.1312456719667145,0.12124119998779259,0.1097908505508591,0.1026156315805536,0.10081140985340943,0.08688181808933786,
140,0.05904763532415744,0.06026850591550442,0.055689199499496446,0.056639228492080446,0.05979765821303954,0.06909377524135055,0.07932325408693706,0.08764850815352845,0.0900319142226427,0.09877384767194637,0.1117825780002238,0.12037034007792392,0.12671220028280486,0.1377708710999888,0.14559610990732547,0.154571383810948,0.1611840856145919,0.1625841283405052,0.1687968179367453,0.17714290597247231,0.17963881547491886,0.180117996765038,0.18590150659708446,0.19153917864518163,0.19496844996490373,0.19758936328216398,0.19217253130690432,0.19422676066367586,0.1970268461155024,0.19583097628711815,0.19538929614144313,0.19480594500564594,0.1969601774142684,0.19973942889695934,0.1992727479883216,0.19932274951424706,0.19852272509943947,0.19741852473525193,0.20037694835250913,0.19994360179448836,0.19661433352661722,0.1992019124932605,0.200101939959919,0.19978943042288483,0.19782687053030998,0.19939775180313526,0.19836022014018168,0.19793937396364228,0.19944775332906076,0.19603514918464715,0.1950017843155207,0.19606848353526415,0.19609765109205402,0.19357257403281758,0.19541429690440587,0.19743519191056041,0.2001186071352275,0.20417706432284513,0.20346037578458,0.20077696055991293,0.20376455173395996,0.19908524226610105,0.18745155390077417,0.17619704377371542,0.16142575965656505,0.16157159744051433,0.16853014313180945,0.17505117547125665,0.1845764661600594,0.18993079622791223,0.19222253283282978,0.1947142755414492,0.1960434827723014,0.19520595721304973,0.1916933500167852,0.18998913134149195,0.18728488214768924,0.18275141046377963,0.17880962350332144,0.17129272743919186,0.16255912757754246,0.1560839299701936,0.15183380026652832,0.14515859655547758,0.14015427716910306,0.1306831548000529,0.11884529353719699,0.11017836237678151,0.09519040498062074,0.08115664337087111,0.0756064739931435,
150,0.056814233832819604,0.056693396811833045,0.06011016775007375,0.05474750409456669,0.058705958230333366,0.06852292448703472,0.07451477401043734,0.08208167160049237,0.08899438255968913,0.09655294656208992,0.10952834253975036,0.12077451907915483,0.12653302814823858,0.13567497380494603,0.14290436109500412,0.1506629312011068,0.1552464044109419,0.16098407951089003,0.1695426740318003,0.17180107628610086,0.1777262571082695,0.18255973794773198,0.18343893144525486,0.19113499964395073,0.1951642892747785,0.19728102053895688,0.19871439761548712,0.19915191096733503,0.19878939990437533,0.1993477502772098,0.20067279071423486,0.20077696055991293,0.20030611285744804,0.2015769849747205,0.20102280139571319,0.20214783572903633,0.20238950977100945,0.20001027049572231,0.2005186193426313,0.20172698955249693,0.20169782199570707,0.20108530330312002,0.20036028117720064,0.200168608661153,0.19812687968586282,0.20221450443027028,0.19907690867844682,0.19603514918464715,0.1975935300759911,0.19827271746981212,0.1966101667327901,0.1949267820266325,0.19293088778344067,0.19161418093406984,0.19753519496241137,0.20050611896114995,0.2001727754549801,0.2000227708772037,0.20547710399690747,0.20887304096601256,0.20491458683024588,0.186564026815597,0.1657425580614643,0.14933372397025463,0.13855839513331503,0.1314290108951079,0.12937061474450923,0.1310289986877041,0.13393742077903584,0.13580831120741396,0.14436690572832422,0.15229214758751183,0.16355082450839767,0.1709510503453678,0.17676372773420412,0.17866378571937214,0.18415978677734712,0.1809055207983642,0.1727594388663391,0.1673009389528082,0.1566172795800653,0.14967123427025159,0.1477753430789107,0.13962092755923133,0.13505412152470472,0.12576217129022085,0.11815777255572171,0.11399514552242603,0.10653241777804906,0.09942386750897753,0.0855401104770043,
160,0.05628921781060213,0.060376842555009615,0.06081018911303039,0.05633921933652761,0.06159354635252948,0.06560616880804875,0.07495228736228522,0.08224417655975017,0.08892354706462803,0.09824883164972889,0.10621990824101485,0.11762442294585,0.12289958393098747,0.13186235745312866,0.138354222235786,0.14319603666290273,0.1552797387615589,0.16322998138370923,0.16812596413057854,0.171026052634256,0.17747624947864213,0.18193471887366355,0.1891557725760674,0.1921350301624602,0.1958434766685995,0.20054362010559404,0.2019436628315073,0.19841438845993428,0.20180615863521226,0.203018695638905,0.20102280139571316,0.20472291431419823,0.20578544674011456,0.20646880092776268,0.20733966083763136,0.20666464023763748,0.20695631580553606,0.20481875057222207,0.20373538417717013,0.2054687704092532,0.20444790592160814,0.2034020406710003,0.20244367809076205,0.20118530635497098,0.20172698955249693,0.20118530635497095,0.1992935819574572,0.19717685069327884,0.19680183924883776,0.19758102969450972,0.19655599841303753,0.19343923663034965,0.19124750307728305,0.1920225267291279,0.19271004771060316,0.19505595263527328,0.19449343546861173,0.19915191096733503,0.204239566230252,0.1993477502772098,0.18663486231065807,0.1602632241787978,0.14498775800856553,0.13347073987039806,0.12631635486922818,0.12685387127292702,0.12569550258898687,0.12289541713716036,0.1256246670939258,0.12457463504949086,0.12889143345439008,0.12905393841364787,0.12954145329142125,0.12970812504450616,0.132654048280282,0.1324748761457157,0.13377491581977805,0.136012484104943,0.13737502568641213,0.1399959390036724,0.13798337758517207,0.13195402691732536,0.1334957406333608,0.12943311665191606,0.1236121056754255,0.11702023784091718,0.10804079714346752,0.10460735902991831,0.098523840042319,0.09198614052756329,0.07853573005361085,
170,0.05936847844884589,0.05899763379823196,0.05691423688467055,0.05748508763898638,0.06008516698711102,0.06471447492904446,0.07486061789808852,0.07841072623879716,0.08441507614368114,0.09207364319793288,0.10096558122501298,0.1131867875199642,0.12081618701742608,0.12872059490747806,0.1376458672851751,0.15090877203690706,0.16039239478743858,0.16878848434909105,0.1702010274564857,0.17565536057618947,0.18408895128228606,0.1894849492884101,0.19871023082166,0.2080230150252795,0.21070226345611948,0.21383985920794293,0.21668161259804072,0.21346068096967477,0.21530657063509018,0.21472738629312013,0.21601492558570107,0.2181024892930896,0.21627326680298267,0.21859417096469008,0.21781914731284524,0.22015255185603402,0.2172607969400108,0.21101060619932657,0.21167312641783909,0.21120644550920134,0.20826468906725262,0.20403956012655008,0.20319370097964415,0.20140614642780846,0.20144364757225258,0.20172698955249693,0.19739769076611632,0.19451843623157447,0.19884773501795505,0.19543513087354147,0.19386008280688904,0.1948017782118188,0.19024747255877356,0.1913850072735781,0.192264200771101,0.19095582750938445,0.1907683217871639,0.200339447208065,0.20173115634632405,0.19371424502293974,0.1743636544897814,0.15145462202826016,0.13628749249753308,0.12700804264453058,0.12067451602730389,0.11730774661498866,0.11946614581743828,0.11898279773349203,0.11693690196437473,0.12035783969644256,0.1258246731976277,0.12347876827295755,0.12349126865443892,0.12331209651987264,0.12539966022726118,0.12827474796797592,0.12452463352356537,0.11784109622486039,0.11625354777672658,0.1159993733532721,0.10841164179408144,0.10384483575955485,0.1005489018423007,0.09711129693492437,0.0958945931374045,0.09411537217322306,0.09063193253374839,0.08897354859055351,0.08859437035228533,0.07948992584002197,0.06772290007222714,
180,0.05885179601428266,0.05603504338714764,0.05918097272662537,0.057022573524175744,0.06323942991424299,0.06548533178706219,0.06839792067222103,0.07196469618823817,0.07135634428947824,0.07242304350922169,0.07337307250180568,0.08523593452762435,0.105919899085462,0.12115369731742302,0.13142067730745363,0.14666697592089603,0.15527973876155887,0.1666050843836787,0.1728677755058443,0.17852211472924995,0.18286391389711193,0.19148917711925617,0.19954358958708457,0.2128398286894335,0.21595242367829423,0.2140481988992991,0.21806082135481836,0.22008171636097293,0.22093174230170598,0.22148592588071334,0.21781914731284524,0.2189816827906125,0.22039839269183428,0.22017338582516963,0.21706912442396314,0.21962753583381656,0.21674411450544756,0.2160024252042197,0.2155274107079277,0.21130228176722515,0.2079855138808354,0.2058312814722129,0.20582294788455865,0.20525626392406995,0.20096446628213344,0.19999777011424097,0.2010978036846014,0.19736435641549935,0.19514345530564287,0.19546846522415845,0.1916391816970326,0.1926308786278878,0.18955578478347118,0.1875348897773166,0.18817657602669352,0.18988079470198677,0.1902183050019837,0.1954226304920601,0.19782270373648284,0.1866931974242378,0.1682301339762566,0.14760867132582578,0.13193319294818975,0.12565800144454278,0.12035783969644256,0.11683689891252379,0.11801610156559954,0.11829527675201676,0.11480767031871497,0.12082868739890744,0.12174538204087446,0.12024116946928312,0.11922030498163803,0.12118286487421288,0.12114536372976878,0.121899553412478,0.11893696300139368,0.11831611072115238,0.10967001352987253,0.1074366120385347,0.10081140985340942,0.09760297860652487,0.09714046449171422,0.0919861405275633,0.08696932075970744,0.08553177688935006,0.0876568417411827,0.08638180283008311,0.0825983540350556,0.0743814366079694,0.06731872107099622,
